n,m,density,profit_type,alpha,num_instances,avg_ratio,min_ratio,max_ratio,num_optimal,exact_rate,avg_profit_gap,min_profit_gap,max_profit_gap,avg_relative_profit_gap,min_relative_profit_gap,max_relative_profit_gap,greedy_feasible_count,exact_feasible_count,greedy_consistent_count,exact_consistent_count
5,1,dense,anticorrelated,0.3,30,1.0,1.0,1.0,30,1.0,0.0,0,0,0.0,0.0,0.0,30,30,30,30
5,1,dense,anticorrelated,0.8,30,1.0,1.0,1.0,30,1.0,0.0,0,0,0.0,0.0,0.0,30,30,30,30
5,1,dense,correlated,0.3,30,0.9719973544973545,0.75,1.0,25,0.8333333333333334,0.23333333333333334,0,2,0.028002645502645505,0.0,0.25,30,30,30,30
5,1,dense,correlated,0.8,30,0.9642002668365293,0.8,1.0,21,0.7,0.5666666666666667,0,3,0.03579973316347065,0.0,0.2,30,30,30,30
5,1,dense,random,0.3,30,0.9993052540165002,0.9893617021276596,1.0,28,0.9333333333333333,0.06666666666666667,0,1,0.0006947459834997829,0.0,0.010638297872340425,30,30,30,30
5,1,dense,random,0.8,30,0.989941777927692,0.9187279151943463,1.0,25,0.8333333333333334,2.6666666666666665,0,23,0.010058222072308049,0.0,0.0812720848056537,30,30,30,30
5,1,sparse,anticorrelated,0.3,30,1.0,1.0,1.0,30,1.0,0.0,0,0,0.0,0.0,0.0,30,30,30,30
5,1,sparse,anticorrelated,0.8,30,1.0,1.0,1.0,30,1.0,0.0,0,0,0.0,0.0,0.0,30,30,30,30
5,1,sparse,correlated,0.3,30,1.0,1.0,1.0,30,1.0,0.0,0,0,0.0,0.0,0.0,30,30,30,30
5,1,sparse,correlated,0.8,30,0.983015873015873,0.8,1.0,27,0.9,0.1,0,1,0.016984126984126983,0.0,0.2,30,30,30,30
5,1,sparse,random,0.3,30,1.0,1.0,1.0,30,1.0,0.0,0,0,0.0,0.0,0.0,30,30,30,30
5,1,sparse,random,0.8,30,0.9907542579075426,0.7226277372262774,1.0,29,0.9666666666666667,1.2666666666666666,0,38,0.009245742092457421,0.0,0.2773722627737226,30,30,30,30
5,2,dense,anticorrelated,0.3,30,0.9838095238095238,0.5142857142857142,1.0,29,0.9666666666666667,0.5666666666666667,0,17,0.01619047619047619,0.0,0.4857142857142857,30,30,30,30
5,2,dense,anticorrelated,0.8,30,0.9259237689253417,0.5185185185185185,1.0,17,0.5666666666666667,4.3,0,26,0.07407623107465841,0.0,0.48148148148148145,30,30,30,30
5,2,dense,correlated,0.3,30,0.9822222222222223,0.5333333333333333,1.0,28,0.9333333333333333,0.26666666666666666,0,7,0.017777777777777778,0.0,0.4666666666666667,30,30,30,30
5,2,dense,correlated,0.8,30,0.8990932974679386,0.6153846153846154,1.0,12,0.4,2.7333333333333334,0,10,0.10090670253206131,0.0,0.38461538461538464,30,30,30,30
5,2,dense,random,0.3,30,0.9899953412532029,0.7924528301886793,1.0,28,0.9333333333333333,1.0666666666666667,0,22,0.010004658746797113,0.0,0.20754716981132076,30,30,30,30
5,2,dense,random,0.8,30,0.948679634727177,0.6782608695652174,1.0,15,0.5,13.666666666666666,0,83,0.051320365272823035,0.0,0.3217391304347826,30,30,30,30
5,2,sparse,anticorrelated,0.3,30,0.9317604617604619,0.5,1.0,25,0.8333333333333334,2.066666666666667,0,17,0.06823953823953824,0.0,0.5,30,30,30,30
5,2,sparse,anticorrelated,0.8,30,0.8168966531760588,0.5,1.0,14,0.4666666666666667,11.266666666666667,0,68,0.18310334682394128,0.0,0.5,30,30,30,30
5,2,sparse,correlated,0.3,30,0.9413492063492064,0.5,1.0,24,0.8,0.43333333333333335,0,5,0.05865079365079365,0.0,0.5,30,30,30,30
5,2,sparse,correlated,0.8,30,0.804861239806892,0.46153846153846156,1.0,10,0.3333333333333333,2.7666666666666666,0,16,0.19513876019310805,0.0,0.5384615384615384,30,30,30,30
5,2,sparse,random,0.3,30,0.9246424358292679,0.5095541401273885,1.0,22,0.7333333333333333,10.933333333333334,0,77,0.07535756417073206,0.0,0.49044585987261147,30,30,30,30
5,2,sparse,random,0.8,30,0.7567420661217047,0.5095541401273885,1.0,8,0.26666666666666666,59.63333333333333,0,260,0.24325793387829525,0.0,0.49044585987261147,30,30,30,30
5,3,dense,anticorrelated,0.3,30,1.0,1.0,1.0,30,1.0,0.0,0,0,0.0,0.0,0.0,30,30,30,30
5,3,dense,anticorrelated,0.8,30,0.932495849804478,0.7,1.0,18,0.6,3.5,0,18,0.06750415019552204,0.0,0.3,30,30,30,30
5,3,dense,correlated,0.3,30,1.0,1.0,1.0,30,1.0,0.0,0,0,0.0,0.0,0.0,30,30,30,30
5,3,dense,correlated,0.8,30,0.8668551262043379,0.625,1.0,8,0.26666666666666666,3.933333333333333,0,12,0.13314487379566217,0.0,0.375,30,30,30,30
5,3,dense,random,0.3,30,0.9917808219178083,0.7534246575342466,1.0,29,0.9666666666666667,1.2,0,36,0.00821917808219178,0.0,0.2465753424657534,30,30,30,30
5,3,dense,random,0.8,30,0.8891083616350028,0.6826923076923077,1.0,12,0.4,26.433333333333334,0,98,0.11089163836499713,0.0,0.3173076923076923,30,30,30,30
5,3,sparse,anticorrelated,0.3,30,0.9114971578129473,0.5,1.0,24,0.8,2.2,0,13,0.0885028421870527,0.0,0.5,30,30,30,30
5,3,sparse,anticorrelated,0.8,30,0.7349466253997379,0.40476190476190477,1.0,6,0.2,13.6,0,34,0.2650533746002622,0.0,0.5952380952380952,30,30,30,30
5,3,sparse,correlated,0.3,30,0.9477777777777778,0.5,1.0,25,0.8333333333333334,0.16666666666666666,0,1,0.05222222222222222,0.0,0.5,30,30,30,30
5,3,sparse,correlated,0.8,30,0.7978943944402597,0.5,1.0,6,0.2,3.0,0,9,0.2021056055597402,0.0,0.5,30,30,30,30
5,3,sparse,random,0.3,30,0.9301595824308049,0.5106382978723404,1.0,23,0.7666666666666667,10.6,0,92,0.06984041756919514,0.0,0.48936170212765956,30,30,30,30
5,3,sparse,random,0.8,30,0.7875337160268733,0.45901639344262296,1.0,6,0.2,64.63333333333334,0,192,0.2124662839731269,0.0,0.5409836065573771,30,30,30,30
6,1,dense,anticorrelated,0.3,30,1.0,1.0,1.0,30,1.0,0.0,0,0,0.0,0.0,0.0,30,30,30,30
6,1,dense,anticorrelated,0.8,30,1.0,1.0,1.0,30,1.0,0.0,0,0,0.0,0.0,0.0,30,30,30,30
6,1,dense,correlated,0.3,30,0.9828703703703705,0.8333333333333334,1.0,26,0.8666666666666667,0.13333333333333333,0,1,0.017129629629629627,0.0,0.16666666666666666,30,30,30,30
6,1,dense,correlated,0.8,30,0.9802987382987384,0.8,1.0,23,0.7666666666666667,0.4,0,4,0.019701261701261703,0.0,0.2,30,30,30,30
6,1,dense,random,0.3,30,0.9921348314606742,0.7640449438202247,1.0,29,0.9666666666666667,0.7,0,21,0.007865168539325843,0.0,0.23595505617977527,30,30,30,30
6,1,dense,random,0.8,30,0.9976109215017065,0.9283276450511946,1.0,29,0.9666666666666667,0.7,0,21,0.002389078498293515,0.0,0.07167235494880546,30,30,30,30
6,1,sparse,anticorrelated,0.3,30,1.0,1.0,1.0,30,1.0,0.0,0,0,0.0,0.0,0.0,30,30,30,30
6,1,sparse,anticorrelated,0.8,30,0.9984848484848484,0.9545454545454546,1.0,29,0.9666666666666667,0.03333333333333333,0,1,0.0015151515151515152,0.0,0.045454545454545456,30,30,30,30
6,1,sparse,correlated,0.3,30,0.9925925925925926,0.7777777777777778,1.0,29,0.9666666666666667,0.06666666666666667,0,2,0.007407407407407407,0.0,0.2222222222222222,30,30,30,30
6,1,sparse,correlated,0.8,30,0.9780172413793103,0.8,1.0,24,0.8,0.36666666666666664,0,4,0.021982758620689654,0.0,0.2,30,30,30,30
6,1,sparse,random,0.3,30,1.0,1.0,1.0,30,1.0,0.0,0,0,0.0,0.0,0.0,30,30,30,30
6,1,sparse,random,0.8,30,0.9952380952380953,0.8571428571428571,1.0,29,0.9666666666666667,0.8666666666666667,0,26,0.0047619047619047615,0.0,0.14285714285714285,30,30,30,30
6,2,dense,anticorrelated,0.3,30,0.9163663608628821,0.5185185185185185,1.0,18,0.6,2.2,0,14,0.08363363913711795,0.0,0.48148148148148145,30,30,30,30
6,2,dense,anticorrelated,0.8,30,0.9055863406693393,0.6956521739130435,1.0,9,0.3,7.633333333333334,0,28,0.09441365933066069,0.0,0.30434782608695654,30,30,30,30
6,2,dense,correlated,0.3,30,0.9312422762422763,0.5714285714285714,1.0,19,0.6333333333333333,0.7666666666666667,0,6,0.06875772375772375,0.0,0.42857142857142855,30,30,30,30
6,2,dense,correlated,0.8,30,0.9335491203533735,0.75,1.0,13,0.43333333333333335,2.2333333333333334,0,8,0.06645087964662647,0.0,0.25,30,30,30,30
6,2,dense,random,0.3,30,0.9494813769846266,0.6527777777777778,1.0,23,0.7666666666666667,5.666666666666667,0,50,0.050518623015373444,0.0,0.3472222222222222,30,30,30,30
6,2,dense,random,0.8,30,0.9294679814454747,0.7331189710610932,1.0,13,0.43333333333333335,24.366666666666667,0,98,0.07053201855452512,0.0,0.26688102893890675,30,30,30,30
6,2,sparse,anticorrelated,0.3,30,0.8638186067828164,0.53125,1.0,20,0.6666666666666666,5.233333333333333,0,38,0.13618139321718362,0.0,0.46875,30,30,30,30
6,2,sparse,anticorrelated,0.8,30,0.7797062569131488,0.5070422535211268,1.0,7,0.23333333333333334,20.3,0,95,0.22029374308685157,0.0,0.49295774647887325,30,30,30,30
6,2,sparse,correlated,0.3,30,0.9032936507936509,0.5,1.0,20,0.6666666666666666,0.7666666666666667,0,12,0.09670634920634921,0.0,0.5,30,30,30,30
6,2,sparse,correlated,0.8,30,0.7905774119293213,0.5454545454545454,1.0,7,0.23333333333333334,4.666666666666667,0,30,0.20942258807067887,0.0,0.45454545454545453,30,30,30,30
6,2,sparse,random,0.3,30,0.9132464625314672,0.5,1.0,23,0.7666666666666667,12.766666666666667,0,98,0.08675353746853263,0.0,0.5,30,30,30,30
6,2,sparse,random,0.8,30,0.7890111935811118,0.509090909090909,1.0,5,0.16666666666666666,65.36666666666666,0,378,0.2109888064188884,0.0,0.4909090909090909,30,30,30,30
6,3,dense,anticorrelated,0.3,30,0.941520957928077,0.5555555555555556,1.0,24,0.8,1.6666666666666667,0,12,0.058479042071923046,0.0,0.4444444444444444,30,30,30,30
6,3,dense,anticorrelated,0.8,30,0.8893772866998065,0.5844155844155844,1.0,9,0.3,8.066666666666666,0,32,0.11062271330019334,0.0,0.4155844155844156,30,30,30,30
6,3,dense,correlated,0.3,30,1.0,1.0,1.0,30,1.0,0.0,0,0,0.0,0.0,0.0,30,30,30,30
6,3,dense,correlated,0.8,30,0.9056510171662542,0.631578947368421,1.0,9,0.3,3.7666666666666666,0,19,0.09434898283374603,0.0,0.3684210526315789,30,30,30,30
6,3,dense,random,0.3,30,0.9821407842779901,0.7480314960629921,1.0,26,0.8666666666666667,2.1666666666666665,0,32,0.01785921572200988,0.0,0.25196850393700787,30,30,30,30
6,3,dense,random,0.8,30,0.8909805321906871,0.6666666666666666,1.0,10,0.3333333333333333,37.6,0,158,0.10901946780931279,0.0,0.3333333333333333,30,30,30,30
6,3,sparse,anticorrelated,0.3,30,0.8501496098705877,0.41025641025641024,1.0,18,0.6,5.733333333333333,0,32,0.14985039012941212,0.0,0.5897435897435898,30,30,30,30
6,3,sparse,anticorrelated,0.8,30,0.7514932691611957,0.4177215189873418,1.0,4,0.13333333333333333,22.366666666666667,0,89,0.2485067308388043,0.0,0.5822784810126582,30,30,30,30
6,3,sparse,correlated,0.3,30,0.8961111111111111,0.5,1.0,20,0.6666666666666666,0.9333333333333333,0,6,0.10388888888888889,0.0,0.5,30,30,30,30
6,3,sparse,correlated,0.8,30,0.7449557662420727,0.4,1.0,3,0.1,6.066666666666666,0,19,0.2550442337579275,0.0,0.6,30,30,30,30
6,3,sparse,random,0.3,30,0.8595438186570434,0.4144144144144144,1.0,17,0.5666666666666667,19.7,0,86,0.1404561813429565,0.0,0.5855855855855856,30,30,30,30
6,3,sparse,random,0.8,30,0.657783169597984,0.323943661971831,0.9260143198090692,0,0.0,110.23333333333333,31,288,0.3422168304020162,0.07398568019093078,0.676056338028169,30,30,30,30
7,1,dense,anticorrelated,0.3,30,1.0,1.0,1.0,30,1.0,0.0,0,0,0.0,0.0,0.0,30,30,30,30
7,1,dense,anticorrelated,0.8,30,1.0,1.0,1.0,30,1.0,0.0,0,0,0.0,0.0,0.0,30,30,30,30
7,1,dense,correlated,0.3,30,0.9844973544973545,0.8571428571428571,1.0,26,0.8666666666666667,0.13333333333333333,0,1,0.0155026455026455,0.0,0.14285714285714285,30,30,30,30
7,1,dense,correlated,0.8,30,0.9982456140350877,0.9473684210526315,1.0,29,0.9666666666666667,0.03333333333333333,0,1,0.0017543859649122805,0.0,0.05263157894736842,30,30,30,30
7,1,dense,random,0.3,30,0.9980547537829092,0.9513513513513514,1.0,28,0.9333333333333333,0.3333333333333333,0,9,0.0019452462170908773,0.0,0.04864864864864865,30,30,30,30
7,1,dense,random,0.8,30,0.999441340782123,0.9832402234636871,1.0,29,0.9666666666666667,0.3,0,9,0.0005586592178770949,0.0,0.01675977653631285,30,30,30,30
7,1,sparse,anticorrelated,0.3,30,1.0,1.0,1.0,30,1.0,0.0,0,0,0.0,0.0,0.0,30,30,30,30
7,1,sparse,anticorrelated,0.8,30,0.9980769230769231,0.9423076923076923,1.0,29,0.9666666666666667,0.1,0,3,0.0019230769230769232,0.0,0.057692307692307696,30,30,30,30
7,1,sparse,correlated,0.3,30,0.9933333333333334,0.8,1.0,29,0.9666666666666667,0.03333333333333333,0,1,0.006666666666666667,0.0,0.2,30,30,30,30
7,1,sparse,correlated,0.8,30,0.9845710533017035,0.8571428571428571,1.0,25,0.8333333333333334,0.23333333333333334,0,2,0.015428946698296541,0.0,0.14285714285714285,30,30,30,30
7,1,sparse,random,0.3,30,1.0,1.0,1.0,30,1.0,0.0,0,0,0.0,0.0,0.0,30,30,30,30
7,1,sparse,random,0.8,30,0.9949657438478747,0.909375,1.0,28,0.9333333333333333,1.5666666666666667,0,29,0.00503425615212528,0.0,0.090625,30,30,30,30
7,2,dense,anticorrelated,0.3,30,0.9595290560989347,0.5833333333333334,1.0,22,0.7333333333333333,1.3,0,14,0.04047094390106549,0.0,0.4166666666666667,30,30,30,30
7,2,dense,anticorrelated,0.8,30,0.9488162454369242,0.7317073170731707,1.0,15,0.5,5.233333333333333,0,33,0.05118375456307569,0.0,0.2682926829268293,30,30,30,30
7,2,dense,correlated,0.3,30,0.9180209006679596,0.6923076923076923,1.0,15,0.5,1.0666666666666667,0,4,0.08197909933204053,0.0,0.3076923076923077,30,30,30,30
7,2,dense,correlated,0.8,30,0.9326627338095609,0.6779661016949152,1.0,14,0.4666666666666667,2.6,0,19,0.067337266190439,0.0,0.3220338983050847,30,30,30,30
7,2,dense,random,0.3,30,0.9411565652943694,0.7162162162162162,1.0,18,0.6,8.3,0,42,0.058843434705630464,0.0,0.28378378378378377,30,30,30,30
7,2,dense,random,0.8,30,0.9148125665594914,0.76,1.0,9,0.3,39.93333333333333,0,154,0.08518743344050847,0.0,0.24,30,30,30,30
7,2,sparse,anticorrelated,0.3,30,0.8465219492522768,0.5,1.0,16,0.5333333333333333,7.066666666666666,0,30,0.1534780507477233,0.0,0.5,30,30,30,30
7,2,sparse,anticorrelated,0.8,30,0.7492277388295971,0.5161290322580645,1.0,5,0.16666666666666666,28.833333333333332,0,90,0.25077226117040313,0.0,0.4838709677419355,30,30,30,30
7,2,sparse,correlated,0.3,30,0.9035065567960305,0.5,1.0,17,0.5666666666666667,0.9,0,6,0.09649344320396952,0.0,0.5,30,30,30,30
7,2,sparse,correlated,0.8,30,0.7901790226489182,0.46153846153846156,1.0,4,0.13333333333333333,5.366666666666666,0,15,0.20982097735108204,0.0,0.5384615384615384,30,30,30,30
7,2,sparse,random,0.3,30,0.8602532775143147,0.5,1.0,18,0.6,20.466666666666665,0,88,0.13974672248568534,0.0,0.5,30,30,30,30
7,2,sparse,random,0.8,30,0.77338554018938,0.48360655737704916,1.0,5,0.16666666666666666,91.3,0,284,0.22661445981062,0.0,0.5163934426229508,30,30,30,30
7,3,dense,anticorrelated,0.3,30,0.8434002206194235,0.5,1.0,14,0.4666666666666667,4.233333333333333,0,15,0.15659977938057648,0.0,0.5,30,30,30,30
7,3,dense,anticorrelated,0.8,30,0.8882208803983741,0.7228915662650602,1.0,8,0.26666666666666666,9.466666666666667,0,23,0.11177911960162604,0.0,0.27710843373493976,30,30,30,30
7,3,dense,correlated,0.3,30,0.8920097331862039,0.5555555555555556,1.0,12,0.4,1.7,0,8,0.10799026681379621,0.0,0.4444444444444444,30,30,30,30
7,3,dense,correlated,0.8,30,0.8852025268021292,0.6470588235294118,1.0,10,0.3333333333333333,5.333333333333333,0,18,0.11479747319787083,0.0,0.35294117647058826,30,30,30,30
7,3,dense,random,0.3,30,0.8703420433658707,0.5138121546961326,1.0,13,0.43333333333333335,20.6,0,88,0.12965795663412924,0.0,0.4861878453038674,30,30,30,30
7,3,dense,random,0.8,30,0.9041028654101108,0.6771653543307087,1.0,5,0.16666666666666666,44.233333333333334,0,123,0.09589713458988955,0.0,0.3228346456692913,30,30,30,30
7,3,sparse,anticorrelated,0.3,30,0.7522077229919798,0.5,1.0,11,0.36666666666666664,9.666666666666666,0,32,0.2477922770080201,0.0,0.5,30,30,30,30
7,3,sparse,anticorrelated,0.8,30,0.7014749930347972,0.4533333333333333,1.0,3,0.1,32.56666666666667,0,81,0.29852500696520295,0.0,0.5466666666666666,30,30,30,30
7,3,sparse,correlated,0.3,30,0.8246276599217776,0.5,1.0,11,0.36666666666666664,1.8666666666666667,0,7,0.1753723400782224,0.0,0.5,30,30,30,30
7,3,sparse,correlated,0.8,30,0.7097145186731989,0.45454545454545453,1.0,1,0.03333333333333333,8.466666666666667,0,21,0.29028548132680126,0.0,0.5454545454545454,30,30,30,30
7,3,sparse,random,0.3,30,0.7913866984710036,0.36597938144329895,1.0,14,0.4666666666666667,32.13333333333333,0,123,0.2086133015289964,0.0,0.634020618556701,30,30,30,30
7,3,sparse,random,0.8,30,0.6996699870349539,0.3463203463203463,1.0,3,0.1,120.76666666666667,0,396,0.300330012965046,0.0,0.6536796536796536,30,30,30,30
8,1,dense,anticorrelated,0.3,30,1.0,1.0,1.0,30,1.0,0.0,0,0,0.0,0.0,0.0,30,30,30,30
8,1,dense,anticorrelated,0.8,30,1.0,1.0,1.0,30,1.0,0.0,0,0,0.0,0.0,0.0,30,30,30,30
8,1,dense,correlated,0.3,30,1.0,1.0,1.0,30,1.0,0.0,0,0,0.0,0.0,0.0,30,30,30,30
8,1,dense,correlated,0.8,30,1.0,1.0,1.0,30,1.0,0.0,0,0,0.0,0.0,0.0,30,30,30,30
8,1,dense,random,0.3,30,1.0,1.0,1.0,30,1.0,0.0,0,0,0.0,0.0,0.0,30,30,30,30
8,1,dense,random,0.8,30,1.0,1.0,1.0,30,1.0,0.0,0,0,0.0,0.0,0.0,30,30,30,30
8,1,sparse,anticorrelated,0.3,30,1.0,1.0,1.0,30,1.0,0.0,0,0,0.0,0.0,0.0,30,30,30,30
8,1,sparse,anticorrelated,0.8,30,1.0,1.0,1.0,30,1.0,0.0,0,0,0.0,0.0,0.0,30,30,30,30
8,1,sparse,correlated,0.3,30,0.9944444444444446,0.8333333333333334,1.0,29,0.9666666666666667,0.03333333333333333,0,1,0.005555555555555555,0.0,0.16666666666666666,30,30,30,30
8,1,sparse,correlated,0.8,30,0.9803796296296297,0.75,1.0,25,0.8333333333333334,0.26666666666666666,0,2,0.019620370370370375,0.0,0.25,30,30,30,30
8,1,sparse,random,0.3,30,1.0,1.0,1.0,30,1.0,0.0,0,0,0.0,0.0,0.0,30,30,30,30
8,1,sparse,random,0.8,30,0.9877825706385753,0.8264462809917356,1.0,27,0.9,2.433333333333333,0,42,0.012217429361424665,0.0,0.17355371900826447,30,30,30,30
8,2,dense,anticorrelated,0.3,30,0.8975770253546039,0.6,1.0,16,0.5333333333333333,4.4,0,17,0.10242297464539594,0.0,0.4,30,30,30,30
8,2,dense,anticorrelated,0.8,30,0.9352469764256323,0.7111111111111111,1.0,14,0.4666666666666667,7.633333333333334,0,38,0.0647530235743678,0.0,0.28888888888888886,30,30,30,30
8,2,dense,correlated,0.3,30,0.8484759314522743,0.5555555555555556,1.0,11,0.36666666666666664,2.6333333333333333,0,8,0.15152406854772582,0.0,0.4444444444444444,30,30,30,30
8,2,dense,correlated,0.8,30,0.9195482091080016,0.7313432835820896,1.0,10,0.3333333333333333,4.2,0,18,0.08045179089199832,0.0,0.26865671641791045,30,30,30,30
8,2,dense,random,0.3,30,0.9092871958624914,0.6193548387096774,1.0,16,0.5333333333333333,16.633333333333333,0,66,0.09071280413750853,0.0,0.38064516129032255,30,30,30,30
8,2,dense,random,0.8,30,0.9477364582641942,0.8280254777070064,1.0,9,0.3,28.866666666666667,0,81,0.05226354173580581,0.0,0.17197452229299362,30,30,30,30
8,2,sparse,anticorrelated,0.3,30,0.8064366994412885,0.5,1.0,14,0.4666666666666667,7.033333333333333,0,18,0.19356330055871154,0.0,0.5,30,30,30,30
8,2,sparse,anticorrelated,0.8,30,0.7930888456166751,0.5,1.0,7,0.23333333333333334,24.9,0,72,0.206911154383325,0.0,0.5,30,30,30,30
8,2,sparse,correlated,0.3,30,0.8301404151404151,0.5,1.0,13,0.43333333333333335,1.6,0,7,0.16985958485958486,0.0,0.5,30,30,30,30
8,2,sparse,correlated,0.8,30,0.7994461819002723,0.5,1.0,4,0.13333333333333333,6.3,0,24,0.2005538180997278,0.0,0.5,30,30,30,30
8,2,sparse,random,0.3,30,0.8259458743806164,0.5157894736842106,1.0,12,0.4,29.533333333333335,0,89,0.17405412561938358,0.0,0.4842105263157895,30,30,30,30
8,2,sparse,random,0.8,30,0.7750253322161345,0.519774011299435,1.0,5,0.16666666666666666,108.33333333333333,0,376,0.22497466778386574,0.0,0.480225988700565,30,30,30,30
8,3,dense,anticorrelated,0.3,30,0.8618514796401004,0.5161290322580645,1.0,14,0.4666666666666667,4.766666666666667,0,15,0.13814852035989933,0.0,0.4838709677419355,30,30,30,30
8,3,dense,anticorrelated,0.8,30,0.8875077701110036,0.6881720430107527,1.0,5,0.16666666666666666,12.033333333333333,0,31,0.11249222988899632,0.0,0.3118279569892473,30,30,30,30
8,3,dense,correlated,0.3,30,0.810323256247001,0.5263157894736842,1.0,7,0.23333333333333334,3.566666666666667,0,10,0.189676743752999,0.0,0.47368421052631576,30,30,30,30
8,3,dense,correlated,0.8,30,0.8754100778807618,0.7017543859649122,1.0,5,0.16666666666666666,6.966666666666667,0,18,0.1245899221192382,0.0,0.2982456140350877,30,30,30,30
8,3,dense,random,0.3,30,0.8635580602058853,0.5082872928176796,1.0,12,0.4,22.6,0,95,0.1364419397941148,0.0,0.49171270718232046,30,30,30,30
8,3,dense,random,0.8,30,0.8948074068682106,0.7052023121387283,1.0,8,0.26666666666666666,54.2,0,189,0.10519259313178939,0.0,0.2947976878612717,30,30,30,30
8,3,sparse,anticorrelated,0.3,30,0.7102563673065883,0.36,1.0,8,0.26666666666666666,17.0,0,46,0.2897436326934116,0.0,0.64,30,30,30,30
8,3,sparse,anticorrelated,0.8,30,0.6485028881661473,0.3516483516483517,1.0,1,0.03333333333333333,57.56666666666667,0,138,0.35149711183385274,0.0,0.6483516483516484,30,30,30,30
8,3,sparse,correlated,0.3,30,0.8046829322756435,0.4666666666666667,1.0,7,0.23333333333333334,2.8333333333333335,0,12,0.1953170677243567,0.0,0.5333333333333333,30,30,30,30
8,3,sparse,correlated,0.8,30,0.7040322982990621,0.4444444444444444,0.9655172413793104,0,0.0,11.333333333333334,1,30,0.29596770170093795,0.034482758620689655,0.5555555555555556,30,30,30,30
8,3,sparse,random,0.3,30,0.7915762888611372,0.4107883817427386,1.0,11,0.36666666666666664,38.833333333333336,0,142,0.20842371113886268,0.0,0.5892116182572614,30,30,30,30
8,3,sparse,random,0.8,30,0.7064159777690223,0.43209876543209874,1.0,3,0.1,178.26666666666668,0,440,0.2935840222309777,0.0,0.5679012345679012,30,30,30,30
9,1,dense,anticorrelated,0.3,30,1.0,1.0,1.0,30,1.0,0.0,0,0,0.0,0.0,0.0,30,30,30,30
9,1,dense,anticorrelated,0.8,30,0.9996825396825397,0.9904761904761905,1.0,29,0.9666666666666667,0.03333333333333333,0,1,0.0003174603174603175,0.0,0.009523809523809525,30,30,30,30
9,1,dense,correlated,0.3,30,0.993015873015873,0.8571428571428571,1.0,28,0.9333333333333333,0.1,0,2,0.006984126984126983,0.0,0.14285714285714285,30,30,30,30
9,1,dense,correlated,0.8,30,0.9922272814904394,0.8974358974358975,1.0,25,0.8333333333333334,0.3,0,4,0.007772718509560615,0.0,0.10256410256410256,30,30,30,30
9,1,dense,random,0.3,30,1.0,1.0,1.0,30,1.0,0.0,0,0,0.0,0.0,0.0,30,30,30,30
9,1,dense,random,0.8,30,1.0,1.0,1.0,30,1.0,0.0,0,0,0.0,0.0,0.0,30,30,30,30
9,1,sparse,anticorrelated,0.3,30,1.0,1.0,1.0,30,1.0,0.0,0,0,0.0,0.0,0.0,30,30,30,30
9,1,sparse,anticorrelated,0.8,30,1.0,1.0,1.0,30,1.0,0.0,0,0,0.0,0.0,0.0,30,30,30,30
9,1,sparse,correlated,0.3,30,0.9958333333333333,0.875,1.0,29,0.9666666666666667,0.03333333333333333,0,1,0.004166666666666667,0.0,0.125,30,30,30,30
9,1,sparse,correlated,0.8,30,0.9877770265194201,0.8620689655172413,1.0,27,0.9,0.23333333333333334,0,4,0.012222973480579971,0.0,0.13793103448275862,30,30,30,30
9,1,sparse,random,0.3,30,0.9932502246181492,0.8867924528301887,1.0,28,0.9333333333333333,0.5333333333333333,0,10,0.006749775381850853,0.0,0.11320754716981132,30,30,30,30
9,1,sparse,random,0.8,30,0.9939427430806742,0.8974358974358975,1.0,27,0.9,1.1333333333333333,0,18,0.006057256919325885,0.0,0.10256410256410256,30,30,30,30
9,2,dense,anticorrelated,0.3,30,0.9458555272508538,0.6363636363636364,1.0,19,0.6333333333333333,2.466666666666667,0,16,0.05414447274914628,0.0,0.36363636363636365,30,30,30,30
9,2,dense,anticorrelated,0.8,30,0.948323848499987,0.7368421052631579,1.0,16,0.5333333333333333,7.1,0,40,0.051676151500012944,0.0,0.2631578947368421,30,30,30,30
9,2,dense,correlated,0.3,30,0.8845033300033301,0.5263157894736842,1.0,11,0.36666666666666664,2.1333333333333333,0,9,0.11549666999667,0.0,0.47368421052631576,30,30,30,30
9,2,dense,correlated,0.8,30,0.8927084839525427,0.6792452830188679,1.0,5,0.16666666666666666,6.0,0,19,0.1072915160474575,0.0,0.32075471698113206,30,30,30,30
9,2,dense,random,0.3,30,0.9416162194247574,0.7027027027027027,1.0,16,0.5333333333333333,13.133333333333333,0,66,0.05838378057524266,0.0,0.2972972972972973,30,30,30,30
9,2,dense,random,0.8,30,0.929622639732597,0.6758620689655173,1.0,11,0.36666666666666664,47.93333333333333,0,235,0.07037736026740317,0.0,0.32413793103448274,30,30,30,30
9,2,sparse,anticorrelated,0.3,30,0.8199530015557234,0.5,1.0,12,0.4,7.4,0,36,0.18004699844427668,0.0,0.5,30,30,30,30
9,2,sparse,anticorrelated,0.8,30,0.7630321139838193,0.5238095238095238,1.0,4,0.13333333333333333,30.633333333333333,0,126,0.2369678860161807,0.0,0.47619047619047616,30,30,30,30
9,2,sparse,correlated,0.3,30,0.8395782628677365,0.5,1.0,12,0.4,1.5666666666666667,0,10,0.16042173713226346,0.0,0.5,30,30,30,30
9,2,sparse,correlated,0.8,30,0.7926099119903974,0.4838709677419355,1.0,4,0.13333333333333333,6.833333333333333,0,35,0.20739008800960254,0.0,0.5161290322580645,30,30,30,30
9,2,sparse,random,0.3,30,0.7894143269711198,0.5052631578947369,1.0,10,0.3333333333333333,40.03333333333333,0,97,0.21058567302888023,0.0,0.49473684210526314,30,30,30,30
9,2,sparse,random,0.8,30,0.7729228892778028,0.5,1.0,5,0.16666666666666666,131.53333333333333,0,333,0.2270771107221973,0.0,0.5,30,30,30,30
9,3,dense,anticorrelated,0.3,30,0.9243428614287833,0.7037037037037037,1.0,18,0.6,3.466666666666667,0,16,0.07565713857121671,0.0,0.2962962962962963,30,30,30,30
9,3,dense,anticorrelated,0.8,30,0.9322571396871125,0.7549019607843137,1.0,9,0.3,8.7,0,28,0.06774286031288725,0.0,0.24509803921568626,30,30,30,30
9,3,dense,correlated,0.3,30,0.8669678087205844,0.5,1.0,12,0.4,3.0,0,12,0.13303219127941557,0.0,0.5,30,30,30,30
9,3,dense,correlated,0.8,30,0.8982837078383565,0.6557377049180327,1.0,5,0.16666666666666666,6.633333333333334,0,21,0.1017162921616433,0.0,0.3442622950819672,30,30,30,30
9,3,dense,random,0.3,30,0.9352515745505319,0.6394052044609665,1.0,14,0.4666666666666667,13.466666666666667,0,97,0.06474842544946814,0.0,0.36059479553903345,30,30,30,30
9,3,dense,random,0.8,30,0.903816776078255,0.7156726768377254,1.0,11,0.36666666666666664,57.7,0,205,0.09618322392174519,0.0,0.2843273231622746,30,30,30,30
9,3,sparse,anticorrelated,0.3,30,0.728632682585007,0.36,1.0,7,0.23333333333333334,15.566666666666666,0,45,0.27136731741499315,0.0,0.64,30,30,30,30
9,3,sparse,anticorrelated,0.8,30,0.6708379878191433,0.4090909090909091,0.9375,0,0.0,52.36666666666667,5,120,0.3291620121808568,0.0625,0.5909090909090909,30,30,30,30
9,3,sparse,correlated,0.3,30,0.8055534123213152,0.5384615384615384,1.0,9,0.3,2.966666666666667,0,9,0.19444658767868486,0.0,0.46153846153846156,30,30,30,30
9,3,sparse,correlated,0.8,30,0.7154162202412296,0.45,1.0,1,0.03333333333333333,12.133333333333333,0,28,0.2845837797587705,0.0,0.55,30,30,30,30
9,3,sparse,random,0.3,30,0.7009089905236354,0.44041450777202074,1.0,4,0.13333333333333333,62.7,0,129,0.2990910094763645,0.0,0.5595854922279793,30,30,30,30
9,3,sparse,random,0.8,30,0.6494337939033522,0.44041450777202074,0.8972972972972973,0,0.0,221.2,53,448,0.3505662060966476,0.10270270270270271,0.5595854922279793,30,30,30,30
10,1,dense,anticorrelated,0.3,30,1.0,1.0,1.0,30,1.0,0.0,0,0,0.0,0.0,0.0,30,30,30,30
10,1,dense,anticorrelated,0.8,30,1.0,1.0,1.0,30,1.0,0.0,0,0,0.0,0.0,0.0,30,30,30,30
10,1,dense,correlated,0.3,30,0.9943018419489007,0.9333333333333333,1.0,27,0.9,0.1,0,1,0.005698158051099228,0.0,0.06666666666666667,30,30,30,30
10,1,dense,correlated,0.8,30,0.9971476309822175,0.9523809523809523,1.0,27,0.9,0.13333333333333333,0,2,0.0028523690177825515,0.0,0.047619047619047616,30,30,30,30
10,1,dense,random,0.3,30,1.0,1.0,1.0,30,1.0,0.0,0,0,0.0,0.0,0.0,30,30,30,30
10,1,dense,random,0.8,30,1.0,1.0,1.0,30,1.0,0.0,0,0,0.0,0.0,0.0,30,30,30,30
10,1,sparse,anticorrelated,0.3,30,1.0,1.0,1.0,30,1.0,0.0,0,0,0.0,0.0,0.0,30,30,30,30
10,1,sparse,anticorrelated,0.8,30,1.0,1.0,1.0,30,1.0,0.0,0,0,0.0,0.0,0.0,30,30,30,30
10,1,sparse,correlated,0.3,30,0.9827380952380953,0.75,1.0,27,0.9,0.1,0,1,0.01726190476190476,0.0,0.25,30,30,30,30
10,1,sparse,correlated,0.8,30,0.9732192607587344,0.8,1.0,21,0.7,0.43333333333333335,0,4,0.02678073924126556,0.0,0.2,30,30,30,30
10,1,sparse,random,0.3,30,0.9956018518518519,0.8680555555555556,1.0,29,0.9666666666666667,0.6333333333333333,0,19,0.004398148148148148,0.0,0.13194444444444445,30,30,30,30
10,1,sparse,random,0.8,30,0.9918719115315117,0.9130434782608695,1.0,27,0.9,2.7333333333333334,0,36,0.008128088468488401,0.0,0.08695652173913043,30,30,30,30
10,2,dense,anticorrelated,0.3,30,0.957547404546206,0.7441860465116279,1.0,18,0.6,2.0,0,11,0.0424525954537939,0.0,0.2558139534883721,30,30,30,30
10,2,dense,anticorrelated,0.8,30,0.9449518584499302,0.7394957983193278,1.0,15,0.5,8.166666666666666,0,40,0.055048141550069755,0.0,0.2605042016806723,30,30,30,30
10,2,dense,correlated,0.3,30,0.9177557548124208,0.6666666666666666,1.0,12,0.4,1.7,0,6,0.0822442451875792,0.0,0.3333333333333333,30,30,30,30
10,2,dense,correlated,0.8,30,0.9069676189122279,0.7205882352941176,1.0,8,0.26666666666666666,5.866666666666666,0,19,0.09303238108777197,0.0,0.27941176470588236,30,30,30,30
10,2,dense,random,0.3,30,0.939178673660033,0.6870229007633588,1.0,19,0.6333333333333333,15.5,0,82,0.06082132633996696,0.0,0.31297709923664124,30,30,30,30
10,2,dense,random,0.8,30,0.9318963122760845,0.7542857142857143,1.0,13,0.43333333333333335,50.6,0,185,0.06810368772391563,0.0,0.24571428571428572,30,30,30,30
10,2,sparse,anticorrelated,0.3,30,0.7902216690975838,0.5277777777777778,1.0,10,0.3333333333333333,13.433333333333334,0,51,0.20977833090241596,0.0,0.4722222222222222,30,30,30,30
10,2,sparse,anticorrelated,0.8,30,0.7618685368926382,0.5172413793103449,1.0,5,0.16666666666666666,43.266666666666666,0,152,0.23813146310736172,0.0,0.4827586206896552,30,30,30,30
10,2,sparse,correlated,0.3,30,0.8453339688633809,0.5714285714285714,1.0,8,0.26666666666666666,2.6,0,12,0.15466603113661936,0.0,0.42857142857142855,30,30,30,30
10,2,sparse,correlated,0.8,30,0.789594623137337,0.5333333333333333,1.0,4,0.13333333333333333,9.966666666666667,0,40,0.21040537686266278,0.0,0.4666666666666667,30,30,30,30
10,2,sparse,random,0.3,30,0.7515967294104137,0.5061728395061729,1.0,8,0.26666666666666666,58.4,0,237,0.2484032705895864,0.0,0.49382716049382713,30,30,30,30
10,2,sparse,random,0.8,30,0.7288033180336695,0.5227848101265823,1.0,4,0.13333333333333333,174.56666666666666,0,632,0.2711966819663308,0.0,0.4772151898734177,30,30,30,30
10,3,dense,anticorrelated,0.3,30,0.9069057157535148,0.6222222222222222,1.0,15,0.5,4.566666666666666,0,18,0.09309428424648537,0.0,0.37777777777777777,30,30,30,30
10,3,dense,anticorrelated,0.8,30,0.8869501340291082,0.6885245901639344,1.0,5,0.16666666666666666,16.266666666666666,0,48,0.11304986597089185,0.0,0.3114754098360656,30,30,30,30
10,3,dense,correlated,0.3,30,0.8688347105375797,0.5,1.0,7,0.23333333333333334,3.5,0,12,0.13116528946242054,0.0,0.5,30,30,30,30
10,3,dense,correlated,0.8,30,0.8587636875132473,0.7142857142857143,1.0,2,0.06666666666666667,10.4,0,23,0.14123631248675267,0.0,0.2857142857142857,30,30,30,30
10,3,dense,random,0.3,30,0.9226542648281918,0.6782006920415224,1.0,14,0.4666666666666667,18.533333333333335,0,93,0.07734573517180822,0.0,0.3217993079584775,30,30,30,30
10,3,dense,random,0.8,30,0.8929265137217217,0.7533234859675036,1.0,7,0.23333333333333334,71.26666666666667,0,202,0.1070734862782779,0.0,0.2466765140324963,30,30,30,30
10,3,sparse,anticorrelated,0.3,30,0.7143019102469609,0.3541666666666667,1.0,5,0.16666666666666666,17.966666666666665,0,68,0.28569808975303934,0.0,0.6458333333333334,30,30,30,30
10,3,sparse,anticorrelated,0.8,30,0.674965829128045,0.3787375415282392,1.0,1,0.03333333333333333,60.266666666666666,0,187,0.32503417087195496,0.0,0.6212624584717608,30,30,30,30
10,3,sparse,correlated,0.3,30,0.7731629226919081,0.42857142857142855,1.0,6,0.2,3.8333333333333335,0,16,0.2268370773080918,0.0,0.5714285714285714,30,30,30,30
10,3,sparse,correlated,0.8,30,0.6982163692760558,0.45,0.8888888888888888,0,0.0,14.833333333333334,3,44,0.30178363072394415,0.1111111111111111,0.55,30,30,30,30
10,3,sparse,random,0.3,30,0.6504349651954257,0.38235294117647056,1.0,3,0.1,90.9,0,263,0.34956503480457424,0.0,0.6176470588235294,30,30,30,30
10,3,sparse,random,0.8,30,0.5972379159462946,0.4016477857878476,0.9454545454545454,0,0.0,314.3333333333333,30,748,0.4027620840537054,0.05454545454545454,0.5983522142121525,30,30,30,30
12,1,dense,anticorrelated,0.3,30,1.0,1.0,1.0,30,1.0,0.0,0,0,0.0,0.0,0.0,30,30,30,30
12,1,dense,anticorrelated,0.8,30,1.0,1.0,1.0,30,1.0,0.0,0,0,0.0,0.0,0.0,30,30,30,30
12,1,dense,correlated,0.3,30,0.994102564102564,0.9,1.0,28,0.9333333333333333,0.1,0,2,0.005897435897435898,0.0,0.1,30,30,30,30
12,1,dense,correlated,0.8,30,0.9953029697663739,0.9473684210526315,1.0,26,0.8666666666666667,0.26666666666666666,0,3,0.004697030233626157,0.0,0.05263157894736842,30,30,30,30
12,1,dense,random,0.3,30,1.0,1.0,1.0,30,1.0,0.0,0,0,0.0,0.0,0.0,30,30,30,30
12,1,dense,random,0.8,30,0.999074074074074,0.9722222222222222,1.0,29,0.9666666666666667,0.9333333333333333,0,28,0.0009259259259259259,0.0,0.027777777777777776,30,30,30,30
12,1,sparse,anticorrelated,0.3,30,1.0,1.0,1.0,30,1.0,0.0,0,0,0.0,0.0,0.0,30,30,30,30
12,1,sparse,anticorrelated,0.8,30,1.0,1.0,1.0,30,1.0,0.0,0,0,0.0,0.0,0.0,30,30,30,30
12,1,sparse,correlated,0.3,30,0.9751984126984128,0.6666666666666666,1.0,26,0.8666666666666667,0.26666666666666666,0,4,0.024801587301587304,0.0,0.3333333333333333,30,30,30,30
12,1,sparse,correlated,0.8,30,0.9898244156864846,0.8888888888888888,1.0,25,0.8333333333333334,0.2,0,2,0.010175584313515347,0.0,0.1111111111111111,30,30,30,30
12,1,sparse,random,0.3,30,0.9887503296343664,0.8703703703703703,1.0,26,0.8666666666666667,1.3666666666666667,0,14,0.011249670365633626,0.0,0.12962962962962962,30,30,30,30
12,1,sparse,random,0.8,30,0.9880212394037525,0.8342245989304813,1.0,27,0.9,3.6666666666666665,0,43,0.011978760596247518,0.0,0.1657754010695187,30,30,30,30
12,2,dense,anticorrelated,0.3,30,0.9669079173135966,0.75,1.0,21,0.7,2.3,0,16,0.03309208268640328,0.0,0.25,30,30,30,30
12,2,dense,anticorrelated,0.8,30,0.9665965713921001,0.7692307692307693,1.0,17,0.5666666666666667,6.8,0,51,0.033403428607899945,0.0,0.23076923076923078,30,30,30,30
12,2,dense,correlated,0.3,30,0.9178872503432675,0.6666666666666666,1.0,10,0.3333333333333333,2.2,0,9,0.0821127496567327,0.0,0.3333333333333333,30,30,30,30
12,2,dense,correlated,0.8,30,0.9145957715031282,0.7142857142857143,1.0,11,0.36666666666666664,6.533333333333333,0,20,0.08540422849687186,0.0,0.2857142857142857,30,30,30,30
12,2,dense,random,0.3,30,0.9499195031934768,0.6533333333333333,1.0,16,0.5333333333333333,16.633333333333333,0,104,0.05008049680652304,0.0,0.3466666666666667,30,30,30,30
12,2,dense,random,0.8,30,0.9521376347492666,0.7,1.0,11,0.36666666666666664,45.233333333333334,0,279,0.04786236525073362,0.0,0.3,30,30,30,30
12,2,sparse,anticorrelated,0.3,30,0.7497254207177306,0.5333333333333333,1.0,6,0.2,18.033333333333335,0,60,0.2502745792822697,0.0,0.4666666666666667,30,30,30,30
12,2,sparse,anticorrelated,0.8,30,0.7413703193944431,0.5192307692307693,1.0,3,0.1,55.166666666666664,0,200,0.258629680605557,0.0,0.4807692307692308,30,30,30,30
12,2,sparse,correlated,0.3,30,0.8188900705489629,0.5,1.0,11,0.36666666666666664,3.7666666666666666,0,16,0.18110992945103713,0.0,0.5,30,30,30,30
12,2,sparse,correlated,0.8,30,0.7955881648709359,0.47058823529411764,1.0,3,0.1,11.566666666666666,0,48,0.2044118351290642,0.0,0.5294117647058824,30,30,30,30
12,2,sparse,random,0.3,30,0.7538059300644332,0.4863157894736842,1.0,5,0.16666666666666666,77.5,0,282,0.24619406993556664,0.0,0.5136842105263157,30,30,30,30
12,2,sparse,random,0.8,30,0.7325282280129596,0.46226415094339623,1.0,2,0.06666666666666667,233.36666666666667,0,752,0.26747177198704064,0.0,0.5377358490566038,30,30,30,30
12,3,dense,anticorrelated,0.3,30,0.904307593687768,0.5925925925925926,1.0,15,0.5,6.4,0,22,0.0956924063122321,0.0,0.4074074074074074,30,30,30,30
12,3,dense,anticorrelated,0.8,30,0.9062809576232187,0.6774193548387096,1.0,12,0.4,18.1,0,68,0.09371904237678122,0.0,0.3225806451612903,30,30,30,30
12,3,dense,correlated,0.3,30,0.8873524725632927,0.6666666666666666,1.0,10,0.3333333333333333,3.7,0,11,0.11264752743670726,0.0,0.3333333333333333,30,30,30,30
12,3,dense,correlated,0.8,30,0.8991395166332367,0.6990291262135923,1.0,6,0.2,9.566666666666666,0,31,0.10086048336676352,0.0,0.30097087378640774,30,30,30,30
12,3,dense,random,0.3,30,0.8618908085829328,0.6691449814126395,1.0,6,0.2,42.733333333333334,0,94,0.1381091914170673,0.0,0.3308550185873606,30,30,30,30
12,3,dense,random,0.8,30,0.8840183824218435,0.627177700348432,1.0,5,0.16666666666666666,102.83333333333333,0,321,0.11598161757815634,0.0,0.37282229965156793,30,30,30,30
12,3,sparse,anticorrelated,0.3,30,0.6329144374688043,0.38028169014084506,1.0,3,0.1,32.266666666666666,0,102,0.36708556253119584,0.0,0.6197183098591549,30,30,30,30
12,3,sparse,anticorrelated,0.8,30,0.5924936194428643,0.4064516129032258,0.8947368421052632,0,0.0,102.46666666666667,21,276,0.40750638055713556,0.10526315789473684,0.5935483870967742,30,30,30,30
12,3,sparse,correlated,0.3,30,0.6654452824715983,0.3333333333333333,1.0,1,0.03333333333333333,6.766666666666667,0,19,0.3345547175284017,0.0,0.6666666666666666,30,30,30,30
12,3,sparse,correlated,0.8,30,0.6509983946951912,0.4444444444444444,1.0,1,0.03333333333333333,20.633333333333333,0,50,0.3490016053048085,0.0,0.5555555555555556,30,30,30,30
12,3,sparse,random,0.3,30,0.6253674418855439,0.3547008547008547,0.9280742459396751,0,0.0,122.03333333333333,23,256,0.3746325581144561,0.07192575406032482,0.6452991452991453,30,30,30,30
12,3,sparse,random,0.8,30,0.6269859801805092,0.40186915887850466,0.9437386569872959,0,0.0,370.4,62,896,0.37301401981949067,0.056261343012704176,0.5981308411214953,30,30,30,30
